mode,multiplicity,seed,dedup,rho,wire_reliability_est
exact,1,0,False,1.000000,0.302387
exact,1,0,True,1.000000,0.302387
exact,1,1,False,0.700000,0.391090
exact,1,1,True,0.700000,0.391090
exact,1,2,False,1.000000,0.326744
exact,1,2,True,1.000000,0.326744
exact,1,3,False,1.000000,0.179881
exact,1,3,True,1.000000,0.179881
exact,1,4,False,0.300000,0.319062
exact,1,4,True,0.300000,0.319062
exact,1,5,False,1.000000,0.354650
exact,1,5,True,1.000000,0.354650
exact,1,6,False,0.900000,0.338275
exact,1,6,True,0.900000,0.338275
exact,1,7,False,0.900000,0.387402
exact,1,7,True,0.900000,0.387402
exact,1,8,False,0.700000,0.245742
exact,1,8,True,0.700000,0.245742
exact,1,9,False,0.700000,0.247207
exact,1,9,True,0.700000,0.247207
exact,2,0,False,0.900000,0.323313
exact,2,0,True,0.900000,0.302387
exact,2,1,False,0.700000,0.413616
exact,2,1,True,0.700000,0.391090
exact,2,2,False,0.700000,0.344411
exact,2,2,True,0.900000,0.326744
exact,2,3,False,1.000000,0.207837
exact,2,3,True,1.000000,0.179881
exact,2,4,False,0.100000,0.351493
exact,2,4,True,0.300000,0.319062
exact,2,5,False,0.900000,0.382637
exact,2,5,True,1.000000,0.354650
exact,2,6,False,0.900000,0.361041
exact,2,6,True,0.900000,0.338275
exact,2,7,False,0.700000,0.412045
exact,2,7,True,0.700000,0.387402
exact,2,8,False,0.700000,0.264057
exact,2,8,True,0.700000,0.245742
exact,2,9,False,0.700000,0.276705
exact,2,9,True,0.700000,0.247207
exact,5,0,False,1.000000,0.390534
exact,5,0,True,1.000000,0.302387
exact,5,1,False,0.700000,0.484103
exact,5,1,True,0.700000,0.391090
exact,5,2,False,1.000000,0.401302
exact,5,2,True,1.000000,0.326744
exact,5,3,False,1.000000,0.307063
exact,5,3,True,1.000000,0.179881
exact,5,4,False,0.300000,0.464496
exact,5,4,True,0.300000,0.319062
exact,5,5,False,0.900000,0.468496
exact,5,5,True,1.000000,0.354650
exact,5,6,False,0.700000,0.432047
exact,5,6,True,0.900000,0.338275
exact,5,7,False,0.900000,0.490891
exact,5,7,True,0.900000,0.387402
exact,5,8,False,0.700000,0.324015
exact,5,8,True,0.700000,0.245742
exact,5,9,False,0.700000,0.376944
exact,5,9,True,0.700000,0.247207
exact,10,0,False,1.000000,0.510994
exact,10,0,True,1.000000,0.302387
exact,10,1,False,0.200000,0.599200
exact,10,1,True,0.700000,0.391090
exact,10,2,False,0.700000,0.507233
exact,10,2,True,1.000000,0.326744
exact,10,3,False,0.900000,0.491611
exact,10,3,True,1.000000,0.179881
exact,10,4,False,-0.900000,0.656116
exact,10,4,True,0.300000,0.319062
exact,10,5,False,-0.500000,0.600926
exact,10,5,True,1.000000,0.354650
exact,10,6,False,0.400000,0.558073
exact,10,6,True,0.900000,0.338275
exact,10,7,False,0.700000,0.630683
exact,10,7,True,0.900000,0.387402
exact,10,8,False,0.700000,0.438818
exact,10,8,True,0.700000,0.245742
exact,10,9,False,-0.100000,0.553311
exact,10,9,True,0.700000,0.247207
exact,20,0,False,-0.900000,0.733262
exact,20,0,True,1.000000,0.302387
exact,20,1,False,-0.800000,0.765034
exact,20,1,True,0.700000,0.391090
exact,20,2,False,-0.700000,0.687937
exact,20,2,True,1.000000,0.326744
exact,20,3,False,-0.700000,0.796863
exact,20,3,True,1.000000,0.179881
exact,20,4,False,-0.900000,0.842649
exact,20,4,True,0.300000,0.319062
exact,20,5,False,-1.000000,0.779562
exact,20,5,True,1.000000,0.354650
exact,20,6,False,-1.000000,0.777336
exact,20,6,True,0.900000,0.338275
exact,20,7,False,-1.000000,0.847571
exact,20,7,True,0.900000,0.387402
exact,20,8,False,-0.800000,0.684279
exact,20,8,True,0.700000,0.245742
exact,20,9,False,-0.900000,0.801182
exact,20,9,True,0.900000,0.247207
perturbed,1,0,False,1.000000,0.302387
perturbed,1,0,True,1.000000,0.302387
perturbed,1,1,False,0.700000,0.391090
perturbed,1,1,True,0.700000,0.391090
perturbed,1,2,False,1.000000,0.326744
perturbed,1,2,True,1.000000,0.326744
perturbed,1,3,False,1.000000,0.179881
perturbed,1,3,True,1.000000,0.179881
perturbed,1,4,False,0.300000,0.319062
perturbed,1,4,True,0.300000,0.319062
perturbed,1,5,False,1.000000,0.354650
perturbed,1,5,True,1.000000,0.354650
perturbed,1,6,False,0.900000,0.338275
perturbed,1,6,True,0.900000,0.338275
perturbed,1,7,False,0.900000,0.387402
perturbed,1,7,True,0.900000,0.387402
perturbed,1,8,False,0.700000,0.245742
perturbed,1,8,True,0.700000,0.245742
perturbed,1,9,False,0.700000,0.247207
perturbed,1,9,True,0.700000,0.247207
perturbed,2,0,False,0.900000,0.323313
perturbed,2,0,True,0.900000,0.310756
perturbed,2,1,False,0.700000,0.413616
perturbed,2,1,True,0.700000,0.413616
perturbed,2,2,False,0.700000,0.344411
perturbed,2,2,True,0.700000,0.339321
perturbed,2,3,False,1.000000,0.207837
perturbed,2,3,True,1.000000,0.207837
perturbed,2,4,False,0.100000,0.351493
perturbed,2,4,True,0.100000,0.337014
perturbed,2,5,False,0.900000,0.382637
perturbed,2,5,True,0.900000,0.382637
perturbed,2,6,False,0.900000,0.361041
perturbed,2,6,True,0.900000,0.385849
perturbed,2,7,False,0.700000,0.412045
perturbed,2,7,True,0.700000,0.412045
perturbed,2,8,False,0.700000,0.264057
perturbed,2,8,True,0.700000,0.264057
perturbed,2,9,False,0.700000,0.276705
perturbed,2,9,True,0.700000,0.271677
perturbed,5,0,False,1.000000,0.390534
perturbed,5,0,True,1.000000,0.365514
perturbed,5,1,False,0.700000,0.484103
perturbed,5,1,True,0.700000,0.472796
perturbed,5,2,False,1.000000,0.401302
perturbed,5,2,True,1.000000,0.358718
perturbed,5,3,False,1.000000,0.307063
perturbed,5,3,True,1.000000,0.282273
perturbed,5,4,False,0.300000,0.464496
perturbed,5,4,True,0.300000,0.465593
perturbed,5,5,False,0.900000,0.468496
perturbed,5,5,True,0.900000,0.485804
perturbed,5,6,False,0.700000,0.432047
perturbed,5,6,True,0.700000,0.373627
perturbed,5,7,False,0.900000,0.490891
perturbed,5,7,True,0.900000,0.495725
perturbed,5,8,False,0.700000,0.324015
perturbed,5,8,True,0.700000,0.320341
perturbed,5,9,False,0.700000,0.376944
perturbed,5,9,True,0.700000,0.379570
perturbed,10,0,False,1.000000,0.510994
perturbed,10,0,True,1.000000,0.474135
perturbed,10,1,False,0.200000,0.599200
perturbed,10,1,True,0.500000,0.577245
perturbed,10,2,False,0.700000,0.507233
perturbed,10,2,True,0.700000,0.476330
perturbed,10,3,False,0.900000,0.491611
perturbed,10,3,True,0.900000,0.432015
perturbed,10,4,False,-0.900000,0.656116
perturbed,10,4,True,-0.300000,0.594466
perturbed,10,5,False,-0.500000,0.600926
perturbed,10,5,True,0.200000,0.576278
perturbed,10,6,False,0.400000,0.558073
perturbed,10,6,True,0.400000,0.543192
perturbed,10,7,False,0.700000,0.630683
perturbed,10,7,True,0.900000,0.591295
perturbed,10,8,False,0.700000,0.438818
perturbed,10,8,True,0.700000,0.419812
perturbed,10,9,False,-0.100000,0.553311
perturbed,10,9,True,0.100000,0.539326
perturbed,20,0,False,-0.900000,0.733262
perturbed,20,0,True,-1.000000,0.663990
perturbed,20,1,False,-0.800000,0.765034
perturbed,20,1,True,-0.600000,0.705167
perturbed,20,2,False,-0.700000,0.687937
perturbed,20,2,True,-0.700000,0.717667
perturbed,20,3,False,-0.700000,0.796863
perturbed,20,3,True,-0.700000,0.679695
perturbed,20,4,False,-0.900000,0.842649
perturbed,20,4,True,-0.900000,0.802806
perturbed,20,5,False,-1.000000,0.779562
perturbed,20,5,True,-1.000000,0.705758
perturbed,20,6,False,-1.000000,0.777336
perturbed,20,6,True,-0.700000,0.710124
perturbed,20,7,False,-1.000000,0.847571
perturbed,20,7,True,-0.900000,0.808320
perturbed,20,8,False,-0.800000,0.684279
perturbed,20,8,True,0.500000,0.576585
perturbed,20,9,False,-0.900000,0.801182
perturbed,20,9,True,-0.900000,0.694881
