outlet,category,events_in_category,events_covered,coverage_rate,omission_score,em_sensitivity,em_reliability
au.ibtimes.com,uci_b,1999,44,0.022011,0.977989,0.953586,0.942052
au.ibtimes.com,uci_e,2068,416,0.201161,0.798839,0.953586,0.942052
au.ibtimes.com,uci_m,1320,50,0.037879,0.962121,0.953586,0.942052
au.ibtimes.com,uci_t,1779,210,0.118044,0.881956,0.953586,0.942052
bizjournals.com,uci_b,1999,527,0.263632,0.736368,0.965010,0.948159
bizjournals.com,uci_e,2068,97,0.046905,0.953095,0.965010,0.948159
bizjournals.com,uci_m,1320,104,0.078788,0.921212,0.965010,0.948159
bizjournals.com,uci_t,1779,333,0.187184,0.812816,0.965010,0.948159
blogs.wsj.com,uci_b,1999,467,0.233617,0.766383,0.968587,0.489294
blogs.wsj.com,uci_e,2068,215,0.103965,0.896035,0.968587,0.489294
blogs.wsj.com,uci_m,1320,32,0.024242,0.975758,0.968587,0.489294
blogs.wsj.com,uci_t,1779,224,0.125913,0.874087,0.968587,0.489294
bloomberg.com,uci_b,1999,679,0.339670,0.660330,0.990000,0.579078
bloomberg.com,uci_e,2068,55,0.026596,0.973404,0.990000,0.579078
bloomberg.com,uci_m,1320,73,0.055303,0.944697,0.990000,0.579078
bloomberg.com,uci_t,1779,206,0.115795,0.884205,0.990000,0.579078
business-standard.com,uci_b,1999,338,0.169085,0.830915,0.973643,0.613890
business-standard.com,uci_e,2068,278,0.134429,0.865571,0.973643,0.613890
business-standard.com,uci_m,1320,79,0.059848,0.940152,0.973643,0.613890
business-standard.com,uci_t,1779,189,0.106239,0.893761,0.973643,0.613890
businessweek.com,uci_b,1999,1044,0.522261,0.477739,0.983360,0.723765
businessweek.com,uci_e,2068,75,0.036267,0.963733,0.983360,0.723765
businessweek.com,uci_m,1320,131,0.099242,0.900758,0.983360,0.723765
businessweek.com,uci_t,1779,280,0.157392,0.842608,0.983360,0.723765
contactmusic.com,uci_b,1999,2,0.001001,0.998999,0.955565,0.801491
contactmusic.com,uci_e,2068,1162,0.561896,0.438104,0.955565,0.801491
contactmusic.com,uci_m,1320,11,0.008333,0.991667,0.955565,0.801491
contactmusic.com,uci_t,1779,11,0.006183,0.993817,0.955565,0.801491
dailymail.co.uk,uci_b,1999,168,0.084042,0.915958,0.961384,0.860504
dailymail.co.uk,uci_e,2068,922,0.445841,0.554159,0.961384,0.860504
dailymail.co.uk,uci_m,1320,224,0.169697,0.830303,0.961384,0.860504
dailymail.co.uk,uci_t,1779,280,0.157392,0.842608,0.961384,0.860504
entertainmentwise.com,uci_b,1999,0,0.000000,1.000000,0.959061,0.728154
entertainmentwise.com,uci_e,2068,851,0.411509,0.588491,0.959061,0.728154
entertainmentwise.com,uci_m,1320,2,0.001515,0.998485,0.959061,0.728154
entertainmentwise.com,uci_t,1779,3,0.001686,0.998314,0.959061,0.728154
examiner.com,uci_b,1999,101,0.050525,0.949475,0.976113,0.868281
examiner.com,uci_e,2068,733,0.354449,0.645551,0.976113,0.868281
examiner.com,uci_m,1320,195,0.147727,0.852273,0.976113,0.868281
examiner.com,uci_t,1779,229,0.128724,0.871276,0.976113,0.868281
forbes.com,uci_b,1999,485,0.242621,0.757379,0.951663,0.713941
forbes.com,uci_e,2068,149,0.072050,0.927950,0.951663,0.713941
forbes.com,uci_m,1320,78,0.059091,0.940909,0.951663,0.713941
forbes.com,uci_t,1779,359,0.201799,0.798201,0.951663,0.713941
globalpost.com,uci_b,1999,741,0.370685,0.629315,0.972963,0.677293
globalpost.com,uci_e,2068,143,0.069149,0.930851,0.972963,0.677293
globalpost.com,uci_m,1320,149,0.112879,0.887121,0.972963,0.677293
globalpost.com,uci_t,1779,176,0.098932,0.901068,0.972963,0.677293
hngn.com,uci_b,1999,93,0.046523,0.953477,0.980422,0.904786
hngn.com,uci_e,2068,397,0.191973,0.808027,0.980422,0.904786
hngn.com,uci_m,1320,341,0.258333,0.741667,0.980422,0.904786
hngn.com,uci_t,1779,430,0.241709,0.758291,0.980422,0.904786
huffingtonpost.com,uci_b,1999,340,0.170085,0.829915,0.959638,0.963923
huffingtonpost.com,uci_e,2068,882,0.426499,0.573501,0.959638,0.963923
huffingtonpost.com,uci_m,1320,297,0.225000,0.775000,0.959638,0.963923
huffingtonpost.com,uci_t,1779,374,0.210230,0.789770,0.959638,0.963923
in.reuters.com,uci_b,1999,931,0.465733,0.534267,0.974315,0.582862
in.reuters.com,uci_e,2068,121,0.058511,0.941489,0.974315,0.582862
in.reuters.com,uci_m,1320,109,0.082576,0.917424,0.974315,0.582862
in.reuters.com,uci_t,1779,219,0.123103,0.876897,0.974315,0.582862
latimes.com,uci_b,1999,355,0.177589,0.822411,0.967252,0.773680
latimes.com,uci_e,2068,717,0.346712,0.653288,0.967252,0.773680
latimes.com,uci_m,1320,134,0.101515,0.898485,0.967252,0.773680
latimes.com,uci_t,1779,287,0.161327,0.838673,0.967252,0.773680
marketwatch.com,uci_b,1999,707,0.353677,0.646323,0.975838,0.492919
marketwatch.com,uci_e,2068,28,0.013540,0.986460,0.975838,0.492919
marketwatch.com,uci_m,1320,33,0.025000,0.975000,0.975838,0.492919
marketwatch.com,uci_t,1779,127,0.071388,0.928612,0.975838,0.492919
nasdaq.com,uci_b,1999,776,0.388194,0.611806,0.990000,0.500000
nasdaq.com,uci_e,2068,17,0.008221,0.991779,0.990000,0.500000
nasdaq.com,uci_m,1320,49,0.037121,0.962879,0.990000,0.500000
nasdaq.com,uci_t,1779,145,0.081506,0.918494,0.990000,0.500000
nydailynews.com,uci_b,1999,116,0.058029,0.941971,0.958590,0.924510
nydailynews.com,uci_e,2068,844,0.408124,0.591876,0.958590,0.924510
nydailynews.com,uci_m,1320,160,0.121212,0.878788,0.958590,0.924510
nydailynews.com,uci_t,1779,112,0.062957,0.937043,0.958590,0.924510
perezhilton.com,uci_b,1999,9,0.004502,0.995498,0.954562,0.958470
perezhilton.com,uci_e,2068,731,0.353482,0.646518,0.954562,0.958470
perezhilton.com,uci_m,1320,18,0.013636,0.986364,0.954562,0.958470
perezhilton.com,uci_t,1779,10,0.005621,0.994379,0.954562,0.958470
reuters.com,uci_b,1999,654,0.327164,0.672836,0.955649,0.488962
reuters.com,uci_e,2068,54,0.026112,0.973888,0.955649,0.488962
reuters.com,uci_m,1320,58,0.043939,0.956061,0.955649,0.488962
reuters.com,uci_t,1779,123,0.069140,0.930860,0.955649,0.488962
rttnews.com,uci_b,1999,650,0.325163,0.674837,0.990000,0.928361
rttnews.com,uci_e,2068,209,0.101064,0.898936,0.990000,0.928361
rttnews.com,uci_m,1320,136,0.103030,0.896970,0.990000,0.928361
rttnews.com,uci_t,1779,84,0.047218,0.952782,0.990000,0.928361
techtimes.com,uci_b,1999,39,0.019510,0.980490,0.954865,0.728127
techtimes.com,uci_e,2068,41,0.019826,0.980174,0.954865,0.728127
techtimes.com,uci_m,1320,310,0.234848,0.765152,0.954865,0.728127
techtimes.com,uci_t,1779,615,0.345700,0.654300,0.954865,0.728127
telegraph.co.uk,uci_b,1999,305,0.152576,0.847424,0.976961,0.970835
telegraph.co.uk,uci_e,2068,273,0.132012,0.867988,0.976961,0.970835
telegraph.co.uk,uci_m,1320,100,0.075758,0.924242,0.976961,0.970835
telegraph.co.uk,uci_t,1779,263,0.147836,0.852164,0.976961,0.970835
thecelebritycafe.com,uci_b,1999,61,0.030515,0.969485,0.961855,0.948807
thecelebritycafe.com,uci_e,2068,1051,0.508221,0.491779,0.961855,0.948807
thecelebritycafe.com,uci_m,1320,113,0.085606,0.914394,0.961855,0.948807
thecelebritycafe.com,uci_t,1779,112,0.062957,0.937043,0.961855,0.948807
theguardian.com,uci_b,1999,283,0.141571,0.858429,0.964827,0.973066
theguardian.com,uci_e,2068,395,0.191006,0.808994,0.964827,0.973066
theguardian.com,uci_m,1320,102,0.077273,0.922727,0.964827,0.973066
theguardian.com,uci_t,1779,257,0.144463,0.855537,0.964827,0.973066
time.com,uci_b,1999,221,0.110555,0.889445,0.955865,0.845699
time.com,uci_e,2068,478,0.231141,0.768859,0.955865,0.845699
time.com,uci_m,1320,177,0.134091,0.865909,0.955865,0.845699
time.com,uci_t,1779,374,0.210230,0.789770,0.955865,0.845699
timesofindia.indiatimes.com,uci_b,1999,199,0.099550,0.900450,0.968279,0.887636
timesofindia.indiatimes.com,uci_e,2068,313,0.151354,0.848646,0.968279,0.887636
timesofindia.indiatimes.com,uci_m,1320,136,0.103030,0.896970,0.968279,0.887636
timesofindia.indiatimes.com,uci_t,1779,372,0.209106,0.790894,0.968279,0.887636
washingtonpost.com,uci_b,1999,315,0.157579,0.842421,0.951170,0.902863
washingtonpost.com,uci_e,2068,437,0.211315,0.788685,0.951170,0.902863
washingtonpost.com,uci_m,1320,149,0.112879,0.887121,0.951170,0.902863
washingtonpost.com,uci_t,1779,322,0.181001,0.818999,0.951170,0.902863
wetpaint.com,uci_b,1999,1,0.000500,0.999500,0.964928,0.731957
wetpaint.com,uci_e,2068,536,0.259188,0.740812,0.964928,0.731957
wetpaint.com,uci_m,1320,5,0.003788,0.996212,0.964928,0.731957
wetpaint.com,uci_t,1779,2,0.001124,0.998876,0.964928,0.731957
